customer_id,gender,age,annual_income,spending_score,membership_duration_months,churn
1,Male,34,38233.82,4,53,0
2,Female,26,108971.48,94,72,0
3,Male,50,53904.0,70,104,0
4,Male,37,41656.34,19,68,1
5,Male,30,109987.33,32,111,0
6,Female,45,116008.63,9,95,1
7,Male,65,107591.49,12,28,1
8,Male,46,102856.45,11,75,1
9,Male,30,88971.78,46,107,0
10,Female,63,79577.16,16,65,1
11,Male,52,37828.81,1,49,1
12,Male,23,66760.79,63,47,0
13,Male,35,63541.97,21,52,0
14,Male,68,53377.84,30,102,0
15,Female,22,95107.81,13,88,0
16,Male,64,74628.82,34,54,0
17,Female,42,37294.16,4,60,1
18,Female,19,49816.49,28,57,0
19,Female,27,91493.29,95,47,1
20,Male,47,36851.78,59,31,1
21,Female,67,106608.62,27,105,0
22,Male,62,74563.19,69,46,1
23,Female,22,73252.79,25,114,0
24,Female,50,83316.7,3,26,1
25,Female,18,104221.29,97,113,0
26,Female,35,61302.83,68,114,0
27,Female,49,91021.45,25,5,1
28,Female,64,80915.88,20,84,1
29,Female,66,54032.54,34,52,1
30,Female,28,109076.7,26,105,0
31,Male,38,101768.34,5,75,1
32,Male,43,89260.67,99,120,1
33,Female,42,106552.36,61,54,0
34,Female,39,108056.48,92,33,1
35,Female,44,93752.67,93,50,1
36,Male,66,105331.2,9,38,1
37,Female,30,92772.43,50,27,0
38,Male,50,91212.67,6,98,1
39,Male,51,85675.02,83,15,1
40,Male,58,97744.5,60,96,0
41,Male,52,44274.46,44,61,1
42,Male,18,109278.37,11,21,1
43,Female,38,108465.92,66,46,0
44,Female,65,32632.26,47,69,1
45,Female,23,104323.51,73,6,0
46,Female,45,41598.29,85,38,1
47,Female,34,60160.7,88,62,0
48,Male,22,96915.74,98,86,0
49,Female,48,44468.39,86,62,0
50,Female,22,103617.03,3,82,0
51,Male,55,104892.08,76,78,0
52,Female,20,75672.1,92,74,0
53,Male,40,30574.73,30,46,1
54,Female,54,55833.43,90,13,1
55,Male,54,85523.42,21,95,1
56,Female,27,118306.76,28,94,0
57,Female,27,86863.22,90,3,0
58,Male,36,53382.32,62,94,0
59,Male,34,87060.51,33,6,1
60,Male,38,78598.68,85,93,0
61,Male,31,100186.09,35,8,1
62,Male,26,39628.26,52,44,1
63,Male,63,98492.51,34,109,1
64,Male,18,78713.99,41,107,0
65,Male,68,116669.28,51,108,0
66,Female,62,60768.49,47,33,1
67,Female,30,86935.97,82,81,0
68,Male,21,113882.53,58,112,0
69,Female,18,39225.88,75,75,0
70,Female,66,114350.56,57,77,0
71,Female,57,91909.72,23,50,0
72,Female,49,36105.34,48,11,1
73,Male,51,57086.72,22,95,0
74,Female,45,93735.49,17,28,1
75,Male,48,36061.55,69,108,0
76,Female,25,82395.34,11,70,1
77,Female,56,61129.48,94,41,0
78,Female,43,85882.4,15,16,1
79,Male,51,34116.78,91,68,1
80,Female,20,108438.31,35,99,0
81,Male,67,117614.01,33,48,1
82,Female,29,117199.01,84,56,0
83,Male,18,97468.66,16,64,1
84,Female,61,41707.76,34,59,1
85,Male,22,98243.69,66,90,0
86,Male,47,32212.82,99,62,0
87,Female,47,31991.12,40,76,0
88,Male,34,59124.92,28,11,1
89,Female,65,73977.89,47,101,1
90,Female,64,99336.67,39,89,1
91,Female,40,91496.58,70,18,0
92,Female,32,70131.24,73,19,0
93,Female,54,54626.4,20,87,0
94,Female,38,119741.21,1,55,0
95,Female,31,68356.32,72,102,0
96,Female,19,70624.83,87,118,1
97,Female,28,44726.14,63,82,0
98,Female,68,101532.86,67,26,1
99,Female,56,92431.4,4,6,1
100,Male,55,49869.27,58,4,1
101,Male,51,37414.29,25,108,1
102,Female,55,91244.94,47,115,0
103,Female,67,88906.01,38,29,1
104,Female,51,54593.36,15,59,1
105,Female,35,115577.72,63,98,1
106,Female,47,43595.21,21,17,1
107,Female,32,68910.13,99,107,0
108,Female,44,114925.43,57,43,0
109,Female,68,67775.46,53,117,0
110,Male,51,87467.34,46,80,1
111,Female,69,65783.5,14,66,1
112,Male,55,54679.37,100,34,0
113,Female,50,118557.99,76,119,0
114,Female,41,66840.06,17,8,1
115,Male,32,110468.93,39,13,1
116,Female,47,50695.91,9,106,1
117,Male,59,49179.42,99,8,0
118,Female,68,32802.07,77,94,1
119,Female,34,88650.01,79,96,0
120,Male,22,63167.37,82,100,1
121,Female,46,107792.24,97,111,0
122,Male,21,72588.89,6,94,1
123,Female,27,117137.41,91,65,1
124,Male,34,46697.3,23,43,0
125,Male,27,108176.09,59,39,1
126,Female,34,99893.72,91,81,0
127,Female,37,99382.97,98,59,0
128,Male,41,106030.49,46,84,0
129,Female,22,98492.16,38,88,0
130,Female,51,86359.83,14,114,1
131,Female,23,41812.04,100,86,1
132,Male,19,32927.36,72,93,0
133,Male,30,112876.31,62,86,1
134,Male,60,85498.53,35,44,1
135,Male,60,101688.36,19,9,1
136,Male,65,73337.01,30,37,1
137,Male,28,40557.74,78,74,0
138,Male,68,41266.72,84,36,1
139,Male,64,91700.88,25,101,1
140,Male,40,68727.53,40,92,1
141,Female,33,48047.23,88,28,1
142,Male,48,74243.51,14,42,1
143,Female,28,35778.8,26,43,1
144,Female,33,82377.43,87,85,0
145,Female,25,54209.41,22,88,0
146,Male,21,101780.32,48,42,1
147,Male,57,57932.58,83,104,0
148,Male,21,70969.81,51,66,0
149,Male,42,31045.85,3,55,1
150,Female,20,36520.22,42,72,0
151,Male,49,65324.42,19,48,1
152,Male,20,73194.5,73,91,0
153,Male,44,84001.85,28,22,1
154,Male,46,56249.63,84,101,0
155,Male,49,92548.37,45,27,1
156,Female,67,107411.02,71,93,0
157,Male,68,100186.59,78,67,0
158,Female,36,33565.69,63,108,0
159,Male,38,73245.63,73,13,1
160,Female,22,39443.72,19,45,0
161,Male,35,51784.05,47,10,1
162,Male,45,118799.63,14,100,1
163,Female,59,42824.6,38,9,1
164,Female,39,74899.93,53,54,0
165,Female,38,85634.02,61,120,1
166,Male,23,93221.85,36,119,0
167,Female,18,80368.38,40,27,1
168,Male,22,30879.38,81,34,0
169,Male,58,59381.52,30,115,0
170,Female,29,76594.05,9,1,1
171,Female,43,37907.98,64,32,1
172,Male,63,61556.42,33,89,0
173,Male,51,32988.28,52,93,0
174,Female,66,37072.06,89,71,1
175,Female,31,65723.09,14,113,1
176,Female,43,41944.42,75,67,0
177,Male,62,81078.68,53,84,0
178,Male,44,92051.85,99,20,1
179,Male,26,102052.8,59,117,0
180,Male,43,48013.52,78,94,0
181,Male,64,45073.43,94,35,0
182,Male,39,39411.11,41,99,1
183,Female,64,87278.72,68,113,0
184,Male,47,93582.82,68,103,0
185,Male,60,32842.75,92,91,0
186,Male,65,114259.1,8,90,1
187,Female,34,34677.42,2,78,1
188,Male,43,78716.67,86,17,1
189,Male,53,93815.45,41,18,1
190,Female,18,108387.22,55,45,0
191,Male,25,94267.82,16,116,0
192,Male,66,102155.53,93,93,0
193,Male,52,60550.52,62,84,0
194,Male,69,103334.26,48,53,1
195,Male,32,37210.34,30,91,1
196,Female,64,110533.5,12,82,0
197,Female,39,79283.31,35,68,0
198,Female,31,103556.8,11,65,0
199,Male,43,70708.65,64,114,1
200,Male,45,87921.99,50,1,1
201,Male,40,77376.24,85,58,1
202,Female,31,95843.06,21,26,1
203,Male,41,37346.7,69,109,0
204,Male,19,35431.69,48,20,1
205,Female,62,52239.29,20,116,1
206,Male,43,44359.02,67,87,0
207,Female,31,108460.52,44,10,0
208,Female,68,49729.26,33,59,1
209,Female,24,117827.87,73,75,0
210,Male,20,60320.62,61,41,1
211,Male,64,46390.61,9,105,1
212,Male,40,101072.87,68,5,1
213,Male,63,89283.7,35,65,1
214,Male,60,74837.61,81,17,1
215,Male,64,79982.72,98,22,1
216,Male,62,94728.16,88,98,1
217,Female,35,50560.93,96,120,0
218,Male,55,119670.05,65,109,0
219,Female,52,117731.38,8,41,1
220,Male,68,88529.31,45,93,0
221,Male,32,47958.82,87,68,0
222,Male,42,91220.54,47,69,1
223,Female,54,36497.86,40,11,1
224,Female,45,32758.73,76,56,1
225,Female,27,53191.46,54,51,0
226,Female,56,71636.07,76,21,1
227,Male,34,108144.53,46,99,1
228,Female,56,95445.22,47,76,0
229,Male,39,96843.59,15,26,1
230,Male,43,68294.4,19,115,0
231,Female,61,61134.15,26,19,1
232,Female,42,63393.49,52,109,0
233,Female,34,118888.46,93,60,0
234,Female,30,33609.83,22,71,0
235,Female,37,108032.83,21,47,1
236,Female,42,82080.79,51,119,0
237,Female,21,69475.39,38,71,1
238,Female,27,95273.19,20,26,1
239,Male,20,73800.2,29,40,1
240,Female,58,108608.09,51,5,1
241,Female,62,111063.17,4,21,1
242,Male,35,67954.88,55,78,1
243,Female,64,54914.5,71,4,1
244,Male,53,83311.53,92,23,1
245,Male,64,112112.7,28,106,1
246,Female,39,48959.6,4,84,0
247,Male,51,86066.99,22,15,1
248,Male,64,86840.42,76,114,0
249,Male,25,95980.17,45,116,0
250,Male,57,41841.09,67,109,0
251,Female,66,94424.25,86,93,0
252,Male,61,111812.93,66,8,1
253,Female,36,46171.48,88,41,0
254,Male,59,51378.9,34,112,1
255,Male,58,117425.56,91,19,0
256,Male,54,46287.93,55,112,0
257,Male,23,106894.66,1,103,0
258,Female,69,74305.01,72,46,1
259,Female,43,52250.8,87,28,1
260,Male,51,108367.49,38,110,0
261,Male,62,70077.47,6,91,0
262,Female,23,76333.56,86,68,0
263,Male,54,62331.0,25,15,1
264,Male,50,83365.58,82,99,1
265,Male,39,44717.15,17,37,1
266,Female,38,65197.34,61,1,1
267,Female,23,117247.11,12,67,0
268,Female,23,53232.01,6,111,1
269,Male,65,89106.3,90,24,1
270,Male,21,59267.11,27,27,1
271,Female,47,99612.58,8,40,1
272,Female,28,41778.63,83,63,0
273,Female,47,117283.89,65,61,0
274,Female,48,70841.06,57,36,1
275,Male,41,51244.54,93,98,0
276,Female,26,36614.71,99,93,0
277,Male,20,45278.21,40,24,0
278,Female,68,76779.66,14,24,1
279,Male,48,60330.29,35,106,1
280,Female,57,104599.5,48,4,1
281,Female,54,68779.88,84,67,1
282,Female,53,52384.28,56,34,1
283,Female,41,85543.05,49,57,1
284,Male,48,93609.95,13,49,1
285,Female,23,45033.77,61,87,0
286,Male,19,45085.73,49,53,0
287,Male,37,33300.43,46,120,1
288,Male,45,96276.18,62,116,0
289,Male,28,89742.41,8,23,1
290,Female,21,72716.78,43,109,0
291,Male,32,105975.34,20,69,1
292,Male,23,102510.31,97,95,0
293,Male,66,82681.89,90,53,0
294,Female,47,108144.42,39,62,0
295,Female,55,48525.71,85,41,1
296,Female,68,40072.77,49,57,1
297,Female,19,54277.47,64,60,0
298,Male,32,35137.82,62,54,1
299,Male,28,77805.26,54,70,0
300,Female,25,114294.51,9,101,1
301,Male,43,33540.92,88,57,0
302,Male,68,40989.89,37,10,1
303,Male,62,70697.91,49,40,1
304,Female,61,114048.75,41,7,1
305,Female,22,58454.05,17,103,1
306,Male,23,75651.13,88,38,0
307,Female,43,33741.56,21,85,1
308,Female,21,43350.89,51,61,1
309,Female,36,118796.71,59,84,1
310,Female,37,116860.68,39,3,0
311,Female,50,30444.6,55,51,1
312,Male,37,115663.06,41,86,1
313,Female,66,87520.79,39,47,1
314,Male,29,108112.65,13,68,0
315,Male,64,70926.59,64,92,1
316,Female,18,76403.64,11,76,1
317,Male,43,73996.19,19,38,0
318,Male,31,90017.78,11,115,1
319,Male,55,42568.61,77,36,1
320,Female,54,32697.62,46,111,0
321,Female,28,57713.69,45,41,1
322,Male,53,93421.27,1,69,1
323,Female,30,48166.81,40,13,0
324,Female,60,90608.92,19,87,1
325,Female,20,117292.08,76,58,0
326,Female,50,38451.06,72,50,0
327,Male,23,90534.19,72,30,0
328,Male,67,69937.52,61,62,1
329,Female,27,108132.8,12,101,0
330,Female,22,45943.48,61,25,0
331,Male,40,92336.34,33,112,1
332,Male,27,105430.38,45,27,1
333,Female,61,115015.28,90,51,0
334,Male,19,91492.32,92,78,0
335,Female,30,74745.73,69,57,0
336,Female,57,85606.25,8,112,1
337,Male,19,108201.45,25,47,1
338,Male,37,81354.88,91,118,0
339,Female,18,32734.84,46,100,1
340,Female,54,113785.38,87,39,1
341,Male,26,92057.41,30,16,1
342,Female,34,90886.2,47,120,0
343,Male,26,49410.76,87,22,0
344,Female,28,89299.69,49,85,0
345,Male,32,65447.8,47,54,1
346,Male,41,88610.97,84,21,1
347,Male,55,39593.37,82,72,0
348,Female,52,89206.08,18,113,1
349,Female,47,119947.24,66,16,1
350,Male,48,34339.08,68,59,0
351,Female,66,117945.68,94,119,0
352,Male,22,66621.72,33,31,0
353,Male,61,108367.81,36,42,1
354,Female,67,100414.69,82,74,1
355,Female,31,81031.46,19,32,1
356,Male,28,96460.43,28,59,0
357,Female,26,109066.4,40,34,0
358,Female,51,66372.63,84,9,1
359,Male,29,59432.98,97,81,1
360,Male,52,90083.4,76,11,0
361,Female,52,102706.13,15,96,1
362,Male,18,98605.66,41,10,1
363,Male,57,101803.23,39,86,0
364,Female,39,69202.5,2,17,1
365,Male,46,103605.08,63,68,1
366,Male,25,40818.81,29,48,0
367,Female,28,79004.02,74,52,0
368,Female,58,30518.28,66,111,1
369,Male,54,59212.72,51,25,0
370,Male,31,62981.54,75,21,0
371,Female,47,65655.54,77,101,0
372,Female,52,92592.05,10,102,1
373,Female,38,64970.23,14,113,1
374,Female,54,70382.43,82,65,1
375,Male,22,51378.97,51,63,0
376,Female,36,63592.66,73,89,0
377,Female,31,50454.27,39,51,1
378,Male,43,36587.63,28,36,1
379,Female,21,84310.37,3,81,1
380,Male,42,90139.15,84,105,0
381,Female,62,85754.13,70,88,0
382,Female,59,71714.46,27,66,1
383,Female,42,64180.72,2,104,1
384,Male,35,107700.03,93,15,1
385,Male,57,76717.36,38,96,0
386,Female,25,73126.37,3,39,0
387,Male,56,32307.79,16,70,1
388,Male,57,60712.3,94,1,0
389,Male,31,64217.61,40,111,0
390,Male,49,65894.05,2,23,1
391,Male,68,82215.51,81,39,1
392,Male,55,78024.23,41,57,0
393,Female,50,84711.46,12,81,0
394,Female,40,98839.49,35,34,1
395,Male,32,103168.72,65,41,1
396,Female,50,94631.08,55,93,1
397,Female,42,115997.13,45,73,1
398,Female,34,31640.93,79,13,0
399,Female,50,47620.02,90,70,0
400,Male,64,30680.66,85,6,1
401,Female,19,88272.72,62,84,0
402,Female,31,110822.75,49,52,0
403,Male,57,51913.41,95,117,0
404,Male,57,113433.11,25,3,1
405,Female,68,35424.07,23,81,1
406,Female,56,114099.24,24,63,0
407,Female,68,61646.04,38,49,1
408,Female,23,39127.87,28,76,0
409,Female,23,73728.46,21,112,1
410,Female,20,53109.89,54,47,0
411,Male,24,55638.56,18,109,0
412,Female,68,57656.1,36,55,1
413,Female,25,102272.33,99,64,0
414,Male,59,78524.51,45,65,1
415,Male,69,58017.69,73,81,1
416,Male,32,84930.04,53,67,0
417,Male,64,94453.56,30,90,1
418,Female,46,54536.16,60,15,1
419,Female,50,67219.42,98,100,0
420,Female,69,40969.75,32,32,1
421,Female,47,46303.44,67,96,0
422,Female,56,91300.61,67,68,1
423,Female,44,46329.45,28,18,1
424,Male,53,77264.7,44,113,1
425,Female,46,93814.16,79,83,0
426,Male,55,39618.92,41,43,1
427,Male,50,81058.1,63,116,1
428,Female,54,53090.65,23,35,1
429,Male,44,116663.42,75,104,0
430,Female,50,73519.11,48,78,0
431,Male,21,102539.33,32,58,0
432,Female,39,79520.39,57,33,1
433,Male,19,33907.13,100,14,0
434,Female,27,86983.62,33,34,0
435,Female,22,115626.3,24,61,0
436,Female,27,84145.06,39,119,0
437,Female,50,103727.0,34,4,1
438,Female,55,109578.58,56,88,0
439,Male,30,50527.18,28,59,1
440,Male,48,49084.04,37,29,0
441,Male,64,84988.29,7,83,1
442,Female,53,66992.56,68,6,0
443,Male,62,105587.52,37,97,0
444,Female,41,111002.08,56,49,1
445,Female,69,61807.92,65,40,1
446,Male,32,51318.35,65,83,0
447,Male,46,100247.3,47,117,0
448,Female,25,54732.54,20,65,0
449,Male,22,104035.29,19,69,0
450,Female,46,68136.44,29,27,1
451,Female,64,90079.49,74,80,1
452,Female,21,38598.18,60,6,1
453,Female,29,86147.34,18,104,0
454,Female,62,70659.09,92,13,1
455,Male,19,82794.76,35,112,0
456,Male,44,45121.28,43,64,0
457,Female,48,96318.64,95,62,0
458,Female,68,107651.74,91,99,0
459,Male,68,49506.58,11,19,1
460,Male,53,38614.31,49,76,1
461,Female,53,32127.47,38,80,1
462,Male,43,87777.44,64,43,0
463,Female,60,84638.46,69,74,0
464,Male,44,79202.77,8,89,1
465,Female,22,50875.24,34,20,0
466,Male,37,65181.54,48,95,0
467,Female,28,83502.87,56,68,0
468,Male,27,74709.02,76,44,1
469,Male,57,118900.7,65,23,1
470,Female,55,42279.58,31,2,1
471,Male,23,92563.01,4,120,0
472,Female,25,66388.69,50,22,1
473,Male,40,68537.97,69,115,0
474,Female,64,94583.8,30,57,1
475,Male,43,92319.25,88,101,0
476,Female,63,119213.04,59,72,0
477,Male,60,41555.49,67,7,1
478,Female,29,39369.87,75,78,1
479,Male,43,95190.49,45,56,0
480,Female,30,82054.82,4,119,0
481,Female,57,54674.46,26,67,1
482,Female,35,37147.74,27,114,0
483,Male,42,37709.24,46,16,1
484,Female,50,110477.18,64,119,1
485,Male,64,47268.06,91,83,0
486,Female,57,59103.44,51,51,0
487,Male,60,50399.08,50,82,1
488,Female,29,61949.67,6,116,0
489,Male,61,36248.15,59,80,1
490,Male,53,76715.38,15,72,1
491,Female,65,36085.13,30,97,1
492,Male,21,102032.09,42,113,0
493,Male,22,51034.09,37,12,1
494,Female,54,78601.07,42,53,1
495,Male,25,109207.12,35,75,0
496,Male,59,88578.96,87,5,0
497,Male,66,77966.2,6,27,1
498,Female,45,59190.04,68,12,0
499,Male,48,59970.17,18,17,1
500,Female,26,90253.83,73,6,0
501,Male,68,119472.54,29,97,0
502,Male,46,89565.53,77,5,1
503,Male,31,80200.51,59,57,0
504,Female,57,95758.55,47,28,1
505,Male,58,71868.51,17,78,1
506,Male,39,35412.81,96,69,0
507,Female,28,80606.71,22,118,0
508,Male,40,116186.28,68,120,0
509,Female,18,45777.26,69,59,0
510,Female,63,92100.44,37,33,1
511,Male,54,48084.03,49,62,0
512,Female,38,78224.49,13,50,0
513,Male,43,38700.88,34,112,1
514,Female,63,70533.38,86,105,0
515,Female,53,98054.7,53,19,0
516,Male,40,61281.44,87,86,0
517,Female,18,89842.06,51,69,1
518,Female,68,101590.5,3,66,1
519,Female,57,113446.0,42,94,0
520,Female,32,51117.79,98,47,0
521,Female,38,65938.43,32,39,1
522,Male,64,43717.44,51,68,1
523,Female,26,119323.52,85,33,1
524,Male,26,113430.09,46,13,1
525,Female,27,78596.14,21,84,1
526,Male,69,105783.0,44,54,1
527,Male,43,76886.22,11,7,1
528,Female,58,86122.71,68,79,0
529,Female,52,38021.2,1,87,1
530,Female,69,97974.34,92,14,1
531,Male,42,41494.21,63,87,0
532,Female,43,104346.09,24,19,0
533,Male,28,100382.53,99,54,0
534,Male,55,93787.02,13,93,1
535,Male,19,33254.43,98,120,0
536,Female,24,57281.55,11,20,0
537,Female,35,53680.13,100,29,0
538,Male,44,62412.28,51,24,1
539,Male,51,37887.85,17,82,0
540,Female,44,114326.2,99,63,1
541,Male,34,79842.2,82,74,0
542,Female,60,57497.19,86,105,0
543,Male,61,65728.34,24,57,1
544,Female,68,70248.23,19,8,1
545,Male,41,84053.49,37,90,1
546,Female,42,76411.15,85,62,0
547,Male,24,112745.28,8,29,0
548,Female,69,74726.71,28,74,1
549,Female,23,119294.22,5,17,1
550,Male,41,106628.25,17,66,1
551,Male,50,48765.95,36,6,1
552,Female,66,113753.57,19,58,1
553,Male,46,40472.98,64,69,1
554,Female,60,103570.47,91,28,1
555,Male,39,64256.1,98,62,0
556,Female,43,109017.69,11,41,1
557,Female,45,108125.1,54,69,1
558,Female,67,102533.29,45,82,1
559,Female,38,101102.74,47,90,0
560,Female,66,57421.12,12,84,1
561,Female,24,37282.74,21,41,0
562,Male,34,66268.22,11,49,1
563,Male,37,45617.21,92,91,0
564,Male,58,92545.6,5,49,1
565,Female,66,61148.98,81,76,0
566,Female,37,117804.92,56,71,0
567,Female,39,87687.49,20,3,0
568,Female,45,104023.25,41,10,0
569,Male,57,41927.22,46,98,1
570,Male,66,107581.3,12,89,1
571,Female,24,113048.15,70,35,0
572,Male,18,73835.57,17,80,1
573,Male,49,84562.76,19,2,1
574,Female,30,98832.88,26,24,1
575,Male,47,45735.48,48,74,0
576,Female,40,75230.95,52,38,1
577,Male,68,65879.67,96,22,1
578,Female,36,43173.66,70,26,1
579,Female,49,63078.1,55,43,1
580,Female,47,36135.51,100,55,0
581,Female,46,32323.07,75,39,0
582,Male,66,42164.97,33,91,0
583,Female,62,116680.36,62,29,0
584,Female,46,79457.66,88,111,0
585,Female,47,116923.99,23,102,0
586,Male,33,68924.81,15,20,1
587,Female,57,58063.45,27,91,1
588,Male,36,75552.77,75,41,0
589,Female,35,69556.05,64,54,0
590,Male,18,39509.82,81,20,0
591,Male,31,87674.37,51,108,0
592,Female,68,49443.44,53,19,1
593,Male,64,85762.92,78,84,1
594,Female,67,88518.1,91,99,0
595,Female,19,43682.24,82,111,0
596,Female,45,35521.47,92,66,0
597,Male,66,100268.54,51,30,1
598,Male,67,71382.04,47,53,1
599,Female,47,35234.74,4,34,1
600,Female,55,119537.97,7,22,0
601,Male,68,35200.25,35,67,1
602,Female,21,92553.17,48,6,1
603,Female,18,118531.1,73,79,0
604,Female,25,51526.21,72,27,0
605,Male,46,42802.44,45,10,1
606,Male,56,40924.64,81,73,0
607,Male,20,57294.76,81,97,0
608,Female,49,39094.12,97,96,0
609,Female,27,92294.52,96,48,0
610,Female,27,35606.26,72,70,0
611,Male,36,75847.99,19,105,0
612,Female,63,119702.72,63,59,0
613,Female,51,103257.32,38,100,1
614,Female,50,85369.75,67,59,1
615,Female,40,57562.83,59,2,0
616,Male,45,86150.63,69,29,0
617,Male,49,77433.73,13,68,1
618,Female,67,68347.5,47,65,0
619,Male,24,41763.93,61,83,0
620,Male,46,109794.38,31,26,1
621,Female,25,70480.62,80,89,0
622,Female,18,47516.03,96,10,0
623,Male,20,63098.34,22,53,0
624,Female,41,67271.68,93,79,0
625,Male,40,104478.41,86,59,0
626,Female,25,96025.29,43,22,1
627,Male,64,99237.44,67,51,0
628,Female,54,30992.81,54,48,1
629,Male,20,67453.86,10,21,0
630,Male,68,73320.97,42,120,1
631,Male,50,31727.3,64,22,0
632,Female,45,53383.19,21,100,0
633,Male,64,98426.08,80,98,1
634,Male,25,42339.87,76,30,0
635,Female,51,78177.91,66,25,1
636,Female,52,49368.17,41,109,0
637,Male,49,31090.87,24,28,1
638,Male,41,51708.13,35,65,0
639,Female,31,117828.64,56,113,0
640,Female,49,102138.34,30,45,1
641,Female,63,116361.9,57,68,1
642,Female,60,73906.86,94,7,1
643,Female,33,39876.26,47,49,0
644,Male,21,79316.35,35,9,0
645,Female,69,70893.96,19,36,0
646,Male,54,105992.14,8,83,1
647,Male,38,38827.43,26,1,1
648,Male,31,73941.7,71,10,0
649,Female,48,43504.38,30,36,1
650,Male,65,59220.83,7,73,1
651,Male,35,96362.14,67,109,0
652,Female,24,72841.63,65,46,1
653,Male,27,63829.95,36,106,0
654,Male,24,65502.87,25,32,1
655,Female,50,71350.21,37,32,0
656,Male,40,100651.49,1,6,1
657,Male,38,110287.62,15,48,1
658,Male,36,115980.12,37,38,1
659,Female,65,100821.3,13,17,1
660,Female,36,58386.62,8,74,0
661,Female,53,91932.12,5,114,0
662,Male,46,69384.28,60,27,0
663,Male,35,52920.36,73,54,0
664,Female,19,105678.44,1,50,0
665,Male,18,33458.37,36,35,0
666,Male,64,111158.58,35,116,1
667,Female,22,71532.97,66,85,0
668,Female,37,87348.13,63,25,1
669,Male,28,89341.85,23,28,1
670,Male,59,110560.6,9,111,0
671,Male,19,87300.27,34,15,0
672,Female,20,85254.02,46,4,1
673,Female,40,35998.68,78,93,0
674,Female,29,76656.72,4,73,1
675,Female,37,43515.21,30,27,1
676,Male,22,96369.04,95,26,0
677,Female,54,76099.97,75,19,0
678,Female,55,91220.5,99,120,0
679,Female,47,33750.56,72,92,0
680,Female,26,37631.28,3,17,1
681,Female,51,94469.1,14,43,1
682,Male,61,36487.59,60,41,1
683,Male,52,36413.11,77,42,0
684,Female,69,31089.76,45,50,1
685,Male,39,116085.13,96,84,0
686,Female,61,96375.75,34,109,1
687,Female,41,61792.63,45,40,0
688,Male,34,56688.2,61,39,0
689,Male,27,61473.29,83,113,0
690,Female,47,99718.82,16,117,1
691,Female,63,89523.35,66,23,1
692,Female,40,46667.6,40,111,0
693,Male,49,45669.84,17,96,1
694,Female,34,38855.61,34,52,0
695,Female,67,89427.24,16,47,1
696,Female,68,98793.54,60,63,1
697,Male,34,53854.18,66,97,0
698,Female,31,31885.05,66,110,0
699,Female,26,37395.45,90,69,0
700,Male,57,117107.4,13,43,1
701,Female,19,56590.03,56,48,0
702,Female,62,99230.08,31,34,1
703,Male,42,86219.72,34,40,1
704,Female,56,64374.57,39,75,1
705,Male,26,48511.85,67,61,0
706,Male,39,40924.78,8,50,1
707,Female,60,85351.17,87,67,0
708,Female,63,99717.04,78,62,0
709,Female,21,87951.38,55,58,0
710,Female,43,77727.19,27,33,1
711,Male,46,33775.61,93,75,0
712,Female,62,117163.99,53,16,1
713,Male,51,101884.28,39,82,0
714,Female,40,56353.98,65,94,1
715,Female,54,118197.33,17,48,1
716,Female,28,84169.34,30,119,0
717,Male,23,82418.04,53,10,0
718,Female,35,97326.59,13,82,1
719,Female,38,103059.28,21,38,1
720,Female,59,89083.07,19,19,1
721,Female,53,41528.62,53,36,1
722,Male,58,60444.08,19,59,0
723,Female,55,113527.53,57,63,1
724,Male,51,50215.41,25,77,0
725,Male,34,63495.03,86,120,0
726,Male,54,68886.92,31,46,1
727,Male,42,69546.45,81,3,1
728,Male,55,85164.56,55,74,1
729,Male,29,114876.83,23,102,1
730,Female,40,51662.34,32,65,1
731,Male,59,40935.12,62,119,0
732,Male,39,47772.34,74,120,0
733,Male,38,109823.24,10,91,1
734,Female,44,88122.97,100,110,1
735,Female,48,55731.61,72,8,1
736,Male,23,103435.22,54,51,0
737,Female,44,107523.3,52,110,0
738,Male,57,106186.29,20,106,1
739,Male,51,112703.39,32,81,1
740,Female,29,52701.69,14,73,0
741,Male,62,97953.77,50,6,1
742,Female,24,71448.55,28,107,1
743,Female,27,105779.87,53,89,0
744,Male,62,95564.16,24,39,1
745,Male,34,99880.27,79,113,0
746,Female,43,89054.57,22,60,1
747,Male,38,45968.59,30,28,1
748,Male,45,79052.42,63,97,0
749,Male,63,118620.28,4,54,1
750,Female,19,114364.93,77,37,0
751,Female,60,33885.64,59,9,0
752,Male,18,44833.33,87,82,0
753,Female,68,41855.59,8,56,1
754,Female,53,95338.19,82,59,0
755,Female,68,103600.68,12,85,1
756,Female,43,49216.02,31,2,1
757,Female,46,75526.74,78,61,0
758,Male,38,105663.27,34,58,0
759,Male,28,95952.14,82,107,0
760,Male,57,78801.35,98,60,0
761,Female,28,83131.29,75,102,1
762,Female,53,75752.45,76,40,0
763,Male,66,56779.36,49,36,1
764,Female,56,80851.98,79,114,0
765,Male,57,91999.68,57,107,1
766,Male,52,108599.06,95,37,1
767,Male,51,87266.22,93,79,0
768,Female,64,98500.94,26,92,1
769,Female,41,44406.45,18,18,1
770,Male,39,71540.17,96,98,0
771,Male,22,30839.85,86,63,0
772,Male,50,52201.1,38,22,1
773,Male,53,95381.55,81,11,1
774,Female,64,119262.9,87,58,0
775,Female,37,38926.03,88,57,0
776,Male,36,66134.49,50,77,0
777,Male,52,102006.39,8,4,1
778,Female,69,48363.21,41,86,1
779,Female,60,79957.65,6,7,1
780,Male,34,95976.42,69,61,0
781,Male,62,85438.69,44,107,0
782,Male,60,46922.23,64,54,0
783,Female,51,61984.61,29,88,1
784,Female,26,100541.26,28,68,0
785,Female,43,79880.39,11,92,1
786,Male,19,30470.67,65,79,0
787,Male,26,98489.17,19,1,1
788,Female,26,33178.02,9,55,0
789,Female,57,97116.04,27,3,1
790,Male,34,48223.25,34,78,0
791,Female,18,116226.61,44,38,1
792,Female,42,63114.67,68,114,1
793,Male,60,59423.85,100,1,0
794,Female,57,43399.92,82,102,0
795,Male,59,57504.38,15,38,1
796,Male,42,108898.57,51,85,0
797,Male,56,119670.09,13,112,1
798,Male,52,63147.86,83,29,1
799,Male,20,70374.96,49,5,1
800,Male,67,94986.38,70,113,1
801,Male,54,109757.62,56,74,1
802,Female,61,83373.99,76,92,1
803,Male,61,65237.31,51,21,1
804,Male,68,67135.97,37,114,1
805,Female,47,92605.63,17,71,1
806,Female,55,30289.64,58,67,1
807,Female,51,85763.04,87,109,0
808,Male,29,61994.37,90,47,0
809,Female,36,101477.76,29,84,0
810,Male,54,38369.16,33,83,0
811,Male,61,82938.2,60,35,1
812,Male,66,73287.56,91,68,1
813,Male,34,87809.3,89,69,0
814,Female,27,35836.82,55,1,1
815,Female,66,82198.54,10,68,1
816,Male,64,80533.61,47,12,1
817,Male,29,80459.41,23,60,0
818,Male,33,84313.89,85,27,1
819,Female,41,90882.11,21,56,1
820,Male,36,102449.01,13,106,1
821,Male,25,54283.86,33,23,0
822,Female,48,104254.45,24,25,1
823,Female,38,74843.01,11,21,1
824,Male,34,36935.25,17,61,1
825,Female,40,35269.58,68,63,1
826,Female,54,60081.45,47,52,1
827,Male,33,100640.73,25,88,1
828,Female,23,93691.28,94,25,0
829,Male,25,100975.35,73,109,0
830,Female,42,76554.22,21,55,1
831,Male,35,69617.91,84,46,0
832,Male,42,43270.73,83,32,0
833,Male,29,59537.35,83,55,1
834,Female,32,69061.74,12,96,1
835,Male,43,37974.04,37,5,1
836,Female,58,49855.08,42,36,0
837,Male,62,83840.28,17,110,1
838,Male,43,96209.68,48,106,1
839,Female,64,119851.28,28,49,0
840,Male,49,113980.2,41,106,1
841,Male,27,87830.87,99,58,0
842,Female,33,67912.32,47,39,0
843,Male,24,87255.96,18,80,1
844,Male,34,100708.65,78,97,0
845,Male,40,40650.26,99,113,0
846,Male,43,66891.44,71,85,0
847,Female,38,105582.21,13,61,1
848,Female,39,64544.97,82,9,1
849,Male,24,81468.5,13,6,1
850,Female,31,82899.24,100,115,0
851,Male,32,46602.86,31,109,1
852,Female,24,62601.19,2,35,1
853,Male,26,60106.02,16,39,1
854,Male,68,32357.7,9,22,1
855,Male,65,32177.26,73,41,1
856,Male,25,104852.73,38,118,0
857,Male,67,54576.37,75,5,0
858,Male,40,76627.09,54,42,0
859,Female,46,56885.3,56,87,0
860,Male,35,114661.13,86,81,0
861,Female,48,53336.71,97,76,1
862,Male,47,68669.11,100,87,1
863,Female,69,108545.72,87,80,0
864,Female,56,105774.02,45,67,1
865,Female,52,46749.13,34,30,1
866,Male,35,102237.9,9,57,0
867,Male,59,71236.82,88,86,0
868,Female,56,73467.2,8,73,1
869,Male,34,42013.2,7,29,1
870,Female,31,37254.14,36,111,1
871,Male,48,95514.54,18,37,1
872,Female,41,74681.5,3,87,1
873,Female,52,69316.56,28,13,1
874,Male,61,95655.74,70,32,1
875,Female,62,98896.16,44,46,1
876,Male,51,44301.74,21,116,0
877,Female,20,84920.26,28,111,1
878,Female,54,42181.87,54,112,1
879,Male,60,97623.76,54,23,0
880,Male,57,89125.96,65,45,1
881,Male,43,116095.32,100,17,1
882,Female,40,36206.22,21,119,0
883,Male,61,35134.92,99,104,0
884,Female,56,55396.84,13,85,0
885,Female,32,53553.51,57,66,0
886,Male,66,52228.09,49,101,1
887,Male,21,111562.91,54,6,1
888,Female,46,52459.16,10,108,1
889,Female,39,54475.48,53,18,1
890,Male,42,98345.84,44,94,1
891,Male,30,70476.59,47,22,0
892,Male,35,99903.95,53,118,0
893,Male,50,35882.95,74,33,1
894,Male,33,73881.41,46,30,1
895,Female,62,33025.22,13,81,0
896,Female,59,35638.79,37,107,1
897,Female,61,111579.37,24,32,1
898,Female,19,42532.08,2,42,1
899,Male,52,77917.86,86,115,0
900,Male,59,66998.6,81,78,0
901,Male,51,61260.9,100,10,0
902,Female,47,110985.0,14,111,1
903,Female,30,31964.11,10,115,1
904,Male,30,89741.07,35,36,1
905,Male,35,116705.5,25,34,0
906,Female,49,80415.14,3,73,1
907,Female,49,114314.02,17,106,1
908,Male,52,34703.21,12,28,1
909,Male,56,67691.4,54,11,1
910,Female,63,53414.2,24,78,1
911,Male,69,95773.89,29,39,1
912,Male,46,118316.74,43,119,1
913,Male,66,53087.71,25,47,1
914,Female,46,88875.71,100,118,0
915,Female,61,47828.79,60,19,1
916,Female,33,80879.72,90,118,0
917,Female,61,71753.92,65,15,1
918,Female,64,117480.48,84,28,1
919,Female,27,84767.45,28,24,0
920,Female,47,61455.57,16,72,1
921,Male,42,40268.62,47,107,0
922,Male,56,43612.21,81,9,1
923,Male,37,50278.52,92,47,0
924,Male,22,52587.0,58,33,0
925,Male,18,106555.45,76,62,0
926,Male,47,80510.05,27,97,1
927,Male,66,77105.18,53,19,1
928,Female,20,40329.2,42,67,0
929,Female,62,107412.57,59,74,0
930,Male,31,95053.29,47,40,0
931,Male,47,36090.15,94,47,0
932,Female,67,93705.16,34,106,1
933,Male,21,78918.44,37,65,0
934,Male,35,37355.28,6,29,1
935,Female,54,71247.06,7,50,0
936,Male,42,73622.67,96,98,0
937,Female,65,44919.71,96,115,0
938,Male,18,115112.83,25,13,1
939,Female,63,106497.78,33,118,1
940,Female,32,90212.01,55,1,0
941,Female,26,71606.6,58,34,0
942,Male,32,67058.9,7,93,0
943,Female,66,88587.61,57,48,1
944,Male,41,79088.87,12,111,1
945,Male,21,35604.58,16,77,1
946,Male,29,76125.24,80,48,0
947,Male,54,102576.33,43,49,0
948,Female,54,71331.59,100,117,1
949,Female,60,34676.09,77,64,0
950,Male,23,100765.04,7,61,0
951,Male,56,48122.74,100,29,0
952,Female,63,53275.88,51,39,0
953,Male,41,44823.57,73,88,0
954,Female,28,59719.36,32,26,0
955,Male,30,98107.64,75,17,1
956,Male,51,76744.73,8,71,0
957,Female,42,48439.31,97,13,1
958,Male,24,109004.71,87,69,0
959,Female,69,109162.37,89,26,0
960,Male,21,108352.06,72,49,0
961,Male,25,51491.66,45,67,1
962,Male,37,70611.54,86,7,1
963,Female,46,118649.07,59,58,1
964,Male,68,99481.12,4,49,1
965,Male,62,32445.07,67,103,0
966,Male,63,35868.41,29,53,1
967,Male,27,71753.82,29,65,0
968,Female,60,111829.82,98,113,0
969,Female,51,78483.16,98,62,0
970,Male,43,74803.13,28,17,1
971,Female,58,39492.63,77,43,1
972,Male,66,89110.21,79,25,1
973,Male,20,103989.28,87,3,0
974,Male,23,64237.8,44,79,0
975,Female,22,99805.07,90,29,0
976,Female,22,116802.9,4,117,0
977,Female,64,48338.98,90,107,0
978,Female,40,77099.67,9,32,0
979,Female,66,55842.42,5,26,1
980,Female,26,101356.9,56,16,0
981,Female,52,81983.4,96,25,1
982,Female,37,87112.42,84,54,0
983,Female,66,101812.27,50,28,1
984,Male,59,65637.34,75,73,1
985,Female,52,112358.11,15,120,1
986,Female,67,77972.6,32,56,1
987,Female,35,44215.93,28,65,1
988,Female,34,92630.92,22,93,0
989,Female,41,101393.52,17,86,0
990,Female,20,58508.55,59,80,0
991,Female,49,107146.13,90,41,0
992,Female,52,111552.89,71,115,0
993,Female,55,54921.4,57,108,0
994,Female,30,118516.93,26,51,1
995,Female,64,42664.04,25,118,1
996,Male,42,48181.41,10,105,0
997,Male,26,46580.24,45,71,0
998,Female,21,110459.07,83,78,0
999,Female,31,88886.33,11,29,1
1000,Male,54,43689.39,77,83,0
